[
  {
    "name": "Aliva Priva Jardin",
    "price": "40,70,430",
    "detail": "Model town Jalandhar,Punjab",
    "image": "./r1.png"
  },
  {
    "name": "Asatti Garden City",
    "price": "55,66,353",
    "detail": "Amritsar Punjab",
    "image": "./r2.png"
  },
  {
    "name": "Citralan Puri ",
    "price": "35,35,853",
    "detail": "Sector 15 Chandigarh",
    "image": "./r3.png"
  },
  {
    "name": "Aliva Priva Jardin",
    "price": "40,70,430",
    "detail": "sector 3 Mohali Punjab",
    "image": "./r1.png"
  },
  {
    "name": "Asatti Garden City",
    "price": "55,66,353",
    "detail": "Model town Jalandhar,Punjab",
    "image": "./r2.png"
  },
  {
    "name": "Citralan Puri ",
    "price": "35,35,853",
    "detail": "Kashmiri Gate Delhi",
    "image": "./r3.png"
  }
]
